"Date","NINO34","NINO12"
1971-01-15,-1.47,-1.08
1971-02-15,-1.28,-1.44
1971-03-15,-1.29,-0.97
1971-04-15,-0.97,-0.23
1971-05-15,-0.82,-0.95
1971-06-15,-0.78,-0.85
1971-07-15,-0.64,-0.52
1971-08-15,-0.65,-0.98
1971-09-15,-0.75,-0.69
1971-10-15,-0.78,-0.8
1971-11-15,-0.85,-0.79
1971-12-15,-0.89,-0.75
1972-01-15,-0.58,-0.15
1972-02-15,-0.22,0.41
1972-03-15,-0.25,0.78
1972-04-15,0.21,1.14
1972-05-15,0.33,1.32
1972-06-15,0.66,2.25
1972-07-15,0.83,2.66
1972-08-15,1.3,2.88
1972-09-15,1.19,1.95
1972-10-15,1.77,1.73
1972-11-15,1.87,1.69
1972-12-15,2.19,1.91
1973-01-15,1.6,1.33
1973-02-15,1.08,0.06
1973-03-15,0.58,-0.37
1973-04-15,-0.07,-0.82
1973-05-15,-0.56,-1.04
1973-06-15,-0.86,-0.91
1973-07-15,-1.14,-1.08
1973-08-15,-1.21,-1.29
1973-09-15,-1.4,-1.14
1973-10-15,-1.58,-0.98
1973-11-15,-2.07,-0.92
1973-12-15,-2.18,-1.05
1974-01-15,-2.02,-0.82
1974-02-15,-1.5,-0.8
1974-03-15,-1.44,-0.16
1974-04-15,-1,0.02
1974-05-15,-0.79,0.34
1974-06-15,-0.7,0.23
1974-07-15,-0.65,0.16
1974-08-15,-0.32,0.08
1974-09-15,-0.35,-0.44
1974-10-15,-0.75,-1.17
1974-11-15,-0.96,-0.74
1974-12-15,-0.86,-1.13
1975-01-15,-0.37,-0.88
1975-02-15,-0.33,-0.74
1975-03-15,-0.59,0.22
1975-04-15,-0.59,0.28
1975-05-15,-1,-0.47
1975-06-15,-1.25,-0.58
1975-07-15,-1.24,-0.32
1975-08-15,-1.16,-0.64
1975-09-15,-1.44,-1.04
1975-10-15,-1.47,-1.23
1975-11-15,-1.46,-1.59
1975-12-15,-1.64,-1.49
1976-01-15,-1.8,-0.88
1976-02-15,-1.05,-0.35
1976-03-15,-0.68,0.17
1976-04-15,-0.42,0.59
1976-05-15,-0.49,0.81
1976-06-15,0,1.56
1976-07-15,0.15,2.02
1976-08-15,0.31,1.81
1976-09-15,0.57,1.23
1976-10-15,0.86,0.76
1976-11-15,0.88,0.44
1976-12-15,0.64,0.25
1977-01-15,0.84,0.29
1977-02-15,0.55,-0.14
1977-03-15,0.4,-0.38
1977-04-15,-0.25,-0.68
1977-05-15,-0.03,-0.45
1977-06-15,0.36,0.08
1977-07-15,0.45,0.03
1977-08-15,0.25,-0.52
1977-09-15,0.44,-0.5
1977-10-15,0.89,-0.19
1977-11-15,1.03,-0.29
1977-12-15,1.09,-0.56
1978-01-15,0.72,-0.07
1978-02-15,0.51,-0.35
1978-03-15,0.06,-0.77
1978-04-15,-0.37,-0.37
1978-05-15,-0.49,-0.54
1978-06-15,-0.45,-0.86
1978-07-15,-0.48,-0.4
1978-08-15,-0.62,-0.64
1978-09-15,-0.6,-0.3
1978-10-15,-0.34,-0.43
1978-11-15,-0.15,0.04
1978-12-15,0.07,0.23
1979-01-15,0.05,0.23
1979-02-15,0.09,-0.58
1979-03-15,0.13,-0.25
1979-04-15,0.17,0.51
1979-05-15,-0.09,0.27
1979-06-15,0.04,0.76
1979-07-15,-0.2,0.45
1979-08-15,0.21,0.5
1979-09-15,0.48,1.02
1979-10-15,0.32,0.67
1979-11-15,0.35,0.12
1979-12-15,0.69,-0.34
1980-01-15,0.55,-0.1
1980-02-15,0.33,-0.25
1980-03-15,0.09,0.02
1980-04-15,0.2,0
1980-05-15,0.13,0.25
1980-06-15,0.37,0.21
1980-07-15,0.02,-0.44
1980-08-15,-0.23,-0.44
1980-09-15,-0.12,-0.11
1980-10-15,-0.11,-0.52
1980-11-15,0.1,-0.68
1980-12-15,0.36,-1.13
1981-01-15,-0.45,-1.29
1981-02-15,-0.45,-0.83
1981-03-15,-0.02,-0.19
1981-04-15,-0.17,-0.31
1981-05-15,-0.11,-0.22
1981-06-15,-0.15,-0.06
1981-07-15,-0.43,-0.56
1981-08-15,-0.18,-0.55
1981-09-15,-0.07,-0.24
1981-10-15,-0.03,-0.52
1981-11-15,-0.27,-0.55
1981-12-15,0.07,-0.17
1982-01-15,-0.04,-0.12
1982-02-15,-0.13,-0.35
1982-03-15,-0.02,-0.72
1982-04-15,0.24,-0.51
1982-05-15,0.65,0.08
1982-06-15,0.92,0.27
1982-07-15,0.64,0.6
1982-08-15,0.93,1.09
1982-09-15,1.39,2.01
1982-10-15,2,2.28
1982-11-15,2.07,3.08
1982-12-15,2.33,3.2
1983-01-15,2.43,2.73
1983-02-15,2.22,2.03
1983-03-15,1.69,2.34
1983-04-15,1.12,3.36
1983-05-15,1.12,4.1
1983-06-15,0.62,4.56
1983-07-15,-0.11,3.93
1983-08-15,-0.13,3.11
1983-09-15,-0.5,2.07
1983-10-15,-1.03,1.02
1983-11-15,-1.13,0.56
1983-12-15,-0.95,0.22
1984-01-15,-0.8,-0.29
1984-02-15,-0.53,-0.77
1984-03-15,-0.48,-0.41
1984-04-15,-0.6,-0.25
1984-05-15,-0.64,-1.11
1984-06-15,-0.9,-0.92
1984-07-15,-0.4,-0.54
1984-08-15,-0.4,-0.52
1984-09-15,-0.35,-0.36
1984-10-15,-0.83,-0.61
1984-11-15,-1.18,-0.18
1984-12-15,-1.53,-0.5
1985-01-15,-0.89,-0.77
1985-02-15,-0.91,-1.13
1985-03-15,-0.96,-0.59
1985-04-15,-0.98,-1.38
1985-05-15,-0.9,-1.41
1985-06-15,-0.76,-1.25
1985-07-15,-0.61,-1.04
1985-08-15,-0.49,-1.02
1985-09-15,-0.57,-0.83
1985-10-15,-0.64,-0.82
1985-11-15,-0.43,-0.92
1985-12-15,-0.4,-0.75
1986-01-15,-0.79,-0.59
1986-02-15,-0.64,-0.35
1986-03-15,-0.51,-0.84
1986-04-15,-0.41,-0.86
1986-05-15,-0.47,-0.82
1986-06-15,-0.08,-0.9
1986-07-15,0.16,-0.14
1986-08-15,0.24,0.17
1986-09-15,0.59,-0.13
1986-10-15,0.9,0.14
1986-11-15,1.04,0.28
1986-12-15,0.98,0.53
1987-01-15,1.19,0.77
1987-02-15,1.17,1.02
1987-03-15,1.24,1.15
1987-04-15,0.89,1.51
1987-05-15,0.91,1.35
1987-06-15,1.24,1.06
1987-07-15,1.34,1.19
1987-08-15,1.48,0.91
1987-09-15,1.53,1.31
1987-10-15,1.36,1.5
1987-11-15,1.29,0.9
1987-12-15,1.05,0.89
1988-01-15,0.69,0.09
1988-02-15,0.35,-0.27
1988-03-15,0.29,-0.52
1988-04-15,-0.49,-0.9
1988-05-15,-1.05,-1.09
1988-06-15,-1.46,-1.96
1988-07-15,-1.54,-1.54
1988-08-15,-1.44,-1.59
1988-09-15,-1.33,-1.43
1988-10-15,-2.09,-1.26
1988-11-15,-2.18,-0.65
1988-12-15,-1.98,-0.97
1989-01-15,-1.95,-0.28
1989-02-15,-1.37,0.05
1989-03-15,-1.33,-0.45
1989-04-15,-1.11,-0.49
1989-05-15,-0.8,-1.16
1989-06-15,-0.64,-0.73
1989-07-15,-0.47,-0.44
1989-08-15,-0.58,-0.46
1989-09-15,-0.38,-0.47
1989-10-15,-0.4,-0.29
1989-11-15,-0.3,-0.38
1989-12-15,-0.13,-0.43
1990-01-15,0.02,-0.33
1990-02-15,0.36,-0.27
1990-03-15,0.2,-0.41
1990-04-15,0.26,-0.33
1990-05-15,0.32,-0.23
1990-06-15,0,-0.05
1990-07-15,0.15,-0.87
1990-08-15,0.17,-0.61
1990-09-15,0.12,-0.28
1990-10-15,0.13,-0.73
1990-11-15,0.08,-0.55
1990-12-15,0.32,-0.44
1991-01-15,0.51,-0.09
1991-02-15,0.32,-0.1
1991-03-15,0.1,0
1991-04-15,0.21,-0.68
1991-05-15,0.44,-0.01
1991-06-15,0.65,0.24
1991-07-15,0.62,0.6
1991-08-15,0.43,0
1991-09-15,0.22,0.16
1991-10-15,0.91,0.42
1991-11-15,1.14,0.63
1991-12-15,1.62,0.45
1992-01-15,1.61,0.36
1992-02-15,1.62,0.44
1992-03-15,1.5,0.92
1992-04-15,1.41,1.72
1992-05-15,1.27,1.83
1992-06-15,0.53,0.71
1992-07-15,0.27,-0.05
1992-08-15,-0.15,-0.24
1992-09-15,-0.14,-0.5
1992-10-15,-0.35,-0.26
1992-11-15,-0.14,-0.25
1992-12-15,0.04,-0.31
1993-01-15,0.28,0.03
1993-02-15,0.42,0.2
1993-03-15,0.47,0.53
1993-04-15,0.92,0.83
1993-05-15,0.93,1.13
1993-06-15,0.64,0.88
1993-07-15,0.33,0.32
1993-08-15,0.16,0.21
1993-09-15,0.26,0.12
1993-10-15,0.36,0.32
1993-11-15,0.28,-0.23
1993-12-15,0.19,-0.29
1994-01-15,0.03,-0.07
1994-02-15,-0.16,-0.33
1994-03-15,-0.06,-1.13
1994-04-15,0.03,-1.22
1994-05-15,0.14,-0.91
1994-06-15,0.27,-0.59
1994-07-15,0.16,-0.82
1994-08-15,0.52,-0.9
1994-09-15,0.4,-0.05
1994-10-15,0.9,0.65
1994-11-15,1.14,0.59
1994-12-15,1.21,0.68
1995-01-15,1.1,0.91
1995-02-15,0.87,0.24
1995-03-15,0.49,-0.57
1995-04-15,0.27,-0.99
1995-05-15,0.03,-1.01
1995-06-15,0.08,-0.53
1995-07-15,0.03,-0.25
1995-08-15,-0.38,-0.52
1995-09-15,-0.57,-0.28
1995-10-15,-0.72,-0.41
1995-11-15,-0.78,-0.26
1995-12-15,-0.72,-0.68
1996-01-15,-0.65,-0.61
1996-02-15,-0.66,-0.32
1996-03-15,-0.48,-0.07
1996-04-15,-0.34,-1.27
1996-05-15,-0.4,-0.82
1996-06-15,-0.12,-1.07
1996-07-15,-0.14,-0.98
1996-08-15,-0.3,-0.46
1996-09-15,-0.34,-0.53
1996-10-15,-0.28,-0.8
1996-11-15,-0.3,-0.79
1996-12-15,-0.43,-1.03
1997-01-15,-0.43,-0.56
1997-02-15,-0.24,-0.03
1997-03-15,-0.06,0.82
1997-04-15,0.34,0.98
1997-05-15,0.87,2.16
1997-06-15,1.15,3.17
1997-07-15,1.6,3.63
1997-08-15,1.94,3.98
1997-09-15,2.1,4.05
1997-10-15,2.29,4
1997-11-15,2.42,4.12
1997-12-15,2.3,4.27
1998-01-15,2.42,3.55
1998-02-15,2.08,2.88
1998-03-15,1.49,2.88
1998-04-15,0.9,3
1998-05-15,0.68,3.01
1998-06-15,-0.39,2
1998-07-15,-0.73,1.31
1998-08-15,-0.83,0.94
1998-09-15,-0.82,0.31
1998-10-15,-1.19,0.12
1998-11-15,-1.23,-0.21
1998-12-15,-1.51,-0.14
1999-01-15,-1.53,-0.23
1999-02-15,-1.41,0.05
1999-03-15,-0.92,0.29
1999-04-15,-0.81,-0.78
1999-05-15,-0.87,-0.43
1999-06-15,-0.95,-0.55
1999-07-15,-0.84,-0.65
1999-08-15,-0.98,-0.51
1999-09-15,-0.84,-0.97
1999-10-15,-1.03,-0.76
1999-11-15,-1.41,-1.11
1999-12-15,-1.54,-1.06
2000-01-15,-1.79,-0.89
2000-02-15,-1.53,-0.47
2000-03-15,-1.26,-0.56
2000-04-15,-0.8,0.46
2000-05-15,-0.8,-0.29
2000-06-15,-0.75,-0.65
2000-07-15,-0.57,-0.57
2000-08-15,-0.36,-0.59
2000-09-15,-0.39,-0.34
2000-10-15,-0.55,-0.49
2000-11-15,-0.75,-0.7
2000-12-15,-0.92,-0.55
2001-01-15,-0.88,-0.76
2001-02-15,-0.63,-0.33
2001-03-15,-0.48,0.35
2001-04-15,-0.3,0.42
2001-05-15,-0.3,-0.64
2001-06-15,-0.11,-0.86
2001-07-15,0.01,-0.7
2001-08-15,-0.07,-0.77
2001-09-15,-0.28,-1.2
2001-10-15,-0.26,-1.14
2001-11-15,-0.28,-0.94
2001-12-15,-0.46,-1.12
2002-01-15,-0.14,-0.94
2002-02-15,0,-0.3
2002-03-15,0.11,0.62
2002-04-15,0.14,0.33
2002-05-15,0.21,0.18
2002-06-15,0.68,-0.4
2002-07-15,0.57,-0.44
2002-08-15,0.7,-0.26
2002-09-15,0.82,0.04
2002-10-15,1.16,0.57
2002-11-15,1.41,0.78
2002-12-15,1.41,0.69
2003-01-15,0.98,0.1
2003-02-15,0.64,-0.21
2003-03-15,0.48,-0.49
2003-04-15,-0.03,-0.9
2003-05-15,-0.52,-1.35
2003-06-15,-0.19,-0.91
2003-07-15,0.14,-0.58
2003-08-15,0.05,0.08
2003-09-15,0.15,-0.43
2003-10-15,0.46,-0.07
2003-11-15,0.39,0.29
2003-12-15,0.32,0.31
2004-01-15,0.26,-0.03
2004-02-15,0.17,-0.2
2004-03-15,-0.1,-0.34
2004-04-15,0.06,-0.45
2004-05-15,0.1,-0.96
2004-06-15,0.14,-0.69
2004-07-15,0.41,-0.7
2004-08-15,0.66,-0.44
2004-09-15,0.67,-0.1
2004-10-15,0.73,0.11
2004-11-15,0.62,0.39
2004-12-15,0.71,0.27
2005-01-15,0.56,0.03
2005-02-15,0.26,-0.61
2005-03-15,0.28,-1.15
2005-04-15,0.28,-0.36
2005-05-15,0.3,0.22
2005-06-15,0.22,-0.15
2005-07-15,-0.01,-0.06
2005-08-15,-0.04,-0.3
2005-09-15,-0.08,-0.61
2005-10-15,-0.15,-1.05
2005-11-15,-0.44,-1.41
2005-12-15,-0.75,-1.19
2006-01-15,-0.98,-0.69
2006-02-15,-0.71,0.33
2006-03-15,-0.73,-0.27
2006-04-15,-0.3,-0.89
2006-05-15,-0.11,-0.39
2006-06-15,0.09,-0.19
2006-07-15,0.03,0.18
2006-08-15,0.37,0.51
2006-09-15,0.63,0.78
2006-10-15,0.76,1.2
2006-11-15,0.98,0.91
2006-12-15,1.1,0.62
2007-01-15,0.59,0.57
2007-02-15,0.12,0.06
2007-03-15,-0.15,-0.65
2007-04-15,-0.16,-1.05
2007-05-15,-0.39,-1.47
2007-06-15,-0.16,-1.4
2007-07-15,-0.37,-0.94
2007-08-15,-0.57,-1.36
2007-09-15,-1.04,-1.34
2007-10-15,-1.4,-1.65
2007-11-15,-1.58,-1.95
2007-12-15,-1.61,-1.63
2008-01-15,-1.79,-0.8
2008-02-15,-1.7,-0.16
2008-03-15,-1.17,0.33
2008-04-15,-0.89,0.5
2008-05-15,-0.64,-0.32
2008-06-15,-0.44,0.26
2008-07-15,-0.04,0.47
2008-08-15,-0.04,0.67
2008-09-15,-0.28,0.32
2008-10-15,-0.3,-0.17
2008-11-15,-0.37,-0.21
2008-12-15,-0.9,-0.33
2009-01-15,-1,-0.17
2009-02-15,-0.71,-0.31
2009-03-15,-0.72,-0.85
2009-04-15,-0.25,0
2009-05-15,0.17,0.17
2009-06-15,0.49,0.54
2009-07-15,0.69,0.7
2009-08-15,0.62,0.66
2009-09-15,0.68,0.22
2009-10-15,0.96,0.22
2009-11-15,1.49,0.14
2009-12-15,1.81,0.49
2010-01-15,1.43,0.36
2010-02-15,1.18,0.04
2010-03-15,1.07,-0.04
2010-04-15,0.56,0.51
2010-05-15,-0.15,0.39
2010-06-15,-0.62,0.14
2010-07-15,-0.89,-1.05
2010-08-15,-1.33,-1.23
2010-09-15,-1.56,-1.29
2010-10-15,-1.65,-1.53
2010-11-15,-1.57,-1.38
2010-12-15,-1.63,-1.03
2011-01-15,-1.7,-0.61
2011-02-15,-1.26,0.07
2011-03-15,-0.98,-0.43
2011-04-15,-0.74,-0.05
2011-05-15,-0.53,0.25
2011-06-15,-0.25,0.37
2011-07-15,-0.23,0.27
2011-08-15,-0.66,-0.2
2011-09-15,-0.76,-1.01
2011-10-15,-0.93,-0.71
2011-11-15,-1.09,-0.8
2011-12-15,-1.05,-0.68
2012-01-15,-0.93,-0.39
2012-02-15,-0.61,0.4
2012-03-15,-0.48,-0.02
2012-04-15,-0.29,0.48
2012-05-15,-0.18,0.43
2012-06-15,0.14,0.99
2012-07-15,0.44,0.82
2012-08-15,0.66,0.27
2012-09-15,0.44,0.04
2012-10-15,0.23,-0.39
2012-11-15,0.33,-0.46
2012-12-15,-0.13,-0.61
2013-01-15,-0.42,-0.7
2013-02-15,-0.4,-0.32
2013-03-15,-0.14,-0.38
2013-04-15,-0.08,-1.32
2013-05-15,-0.28,-1.44
2013-06-15,-0.33,-1.44
2013-07-15,-0.28,-1.36
2013-08-15,-0.29,-0.76
2013-09-15,-0.09,-0.77
2013-10-15,-0.24,-0.16
2013-11-15,-0.02,-0.5
2013-12-15,-0.09,-0.25
2014-01-15,-0.42,0.37
2014-02-15,-0.45,-0.67
2014-03-15,-0.07,-0.51
2014-04-15,0.28,-0.25
2014-05-15,0.45,0.74
2014-06-15,0.48,1.17
2014-07-15,0.13,1.04
2014-08-15,0.14,0.67
2014-09-15,0.37,0.15
2014-10-15,0.48,0.34
2014-11-15,0.89,0.57
2014-12-15,0.77,0.14
2015-01-15,0.59,-0.16
2015-02-15,0.57,-0.62
2015-03-15,0.48,-0.01
2015-04-15,0.9,0.64
2015-05-15,1.04,1.59
2015-06-15,1.28,2.19
2015-07-15,1.56,2.32
2015-08-15,1.87,2.08
2015-09-15,2.01,2.48
2015-10-15,2.21,2.38
2015-11-15,2.57,2.21
2015-12-15,2.56,2.09
2016-01-15,2.56,1.82
2016-02-15,2.11,1.09
2016-03-15,1.6,1.1
2016-04-15,1.05,0.29
2016-05-15,0.45,0.45
2016-06-15,0.06,0.52
2016-07-15,-0.25,-0.06
2016-08-15,-0.48,0.19
2016-09-15,-0.46,0.25
2016-10-15,-0.75,-0.03
2016-11-15,-0.63,-0.08
2016-12-15,-0.51,0.02
2017-01-15,-0.34,0.33
2017-02-15,-0.01,0.92
2017-03-15,-0.09,1.56
2017-04-15,0.22,0.49
2017-05-15,0.3,0.25
2017-06-15,0.22,0.2
2017-07-15,0.22,-0.46
2017-08-15,-0.18,-0.76
2017-09-15,-0.56,-1.28
2017-10-15,-0.52,-1.32
2017-11-15,-0.84,-1.44
2017-12-15,-0.85,-1.54
2018-01-15,-0.86,-1.25
2018-02-15,-0.73,-0.43
2018-03-15,-0.73,-1.3
2018-04-15,-0.36,-0.81
2018-05-15,-0.12,-0.46
2018-06-15,0.12,-0.47
2018-07-15,0.27,-0.08
2018-08-15,0.05,-0.54
2018-09-15,0.3,0.12
2018-10-15,0.84,0.3
2018-11-15,1,0.69
2018-12-15,0.97,0.79
2019-01-15,0.51,0.67
2019-02-15,0.62,0.66
2019-03-15,0.81,-0.18
2019-04-15,0.67,0.36
2019-05-15,0.61,0.24
2019-06-15,0.66,-0.11
2019-07-15,0.41,-0.36
2019-08-15,0.19,-0.29
2019-09-15,0.11,-0.68
2019-10-15,0.55,-0.71
2019-11-15,0.74,0.02
2019-12-15,0.51,-0.19
2020-01-15,0.64,-0.12
2020-02-15,0.48,-0.03
2020-03-15,0.36,-0.44
2020-04-15,0.49,0.03
2020-05-15,-0.12,-0.24
2020-06-15,-0.21,-0.43
2020-07-15,-0.04,-1.09
2020-08-15,-0.42,-0.43
2020-09-15,-0.66,-0.85
2020-10-15,-1.19,-0.99
2020-11-15,-1.01,-0.87
2020-12-15,-0.98,-0.76
2021-01-15,-1.04,-0.58
2021-02-15,-0.94,-0.74
2021-03-15,-0.72,-0.5
2021-04-15,-0.55,-0.96
2021-05-15,-0.41,-0.73
2021-06-15,-0.06,0.08
2021-07-15,-0.2,-0.14
2021-08-15,-0.38,-0.16
2021-09-15,-0.5,-0.29
2021-10-15,-0.78,-0.6
2021-11-15,-0.88,-0.98
2021-12-15,-1.07,-1.29
2022-01-15,-0.77,-0.9
2022-02-15,-0.68,-1.14
2022-03-15,-0.84,-0.59
2022-04-15,-0.9,-1.04
2022-05-15,-1.02,-1.04
2022-06-15,-0.77,-0.82
2022-07-15,-0.56,-0.54
2022-08-15,-0.96,-0.23
2022-09-15,-1.06,-0.77
2022-10-15,-0.99,-1.37
2022-11-15,-0.76,-0.92
2022-12-15,-0.86,-0.67
2023-01-15,-0.78,-0.35
2023-02-15,-0.62,-0.14
2023-03-15,-0.13,1
2023-04-15,0.24,2.5
2023-05-15,0.47,1.69
2023-06-15,0.95,2.39
2023-07-15,1.2,2.45
2023-08-15,1.56,2.55
2023-09-15,1.65,2.04
2023-10-15,1.59,1.8
2023-11-15,2.01,1.94
2023-12-15,1.81,1.38
2024-01-15,1.71,1.14
2024-02-15,1.47,1.08
2024-03-15,1.1,-0.06
2024-04-15,0.93,-0.11
2024-05-15,0.41,-0.41
2024-06-15,0.25,-0.48
2024-07-15,0.2,-0.44
2024-08-15,0.02,-0.62
2024-09-15,-0.11,-0.58
2024-10-15,-0.24,-0.47
2024-11-15,-0.05,-0.14
2024-12-15,-0.58,-0.44
